data,temp_media,temp_max,temp_min,chuva_soma,vento_max
2023-01-01,21.63,26.1,17.65,0.0,7.39
2023-01-02,22.65,28.35,17.4,0.0,10.69
2023-01-03,22.73,26.95,18.4,0.0,20.57
2023-01-04,21.12,24.95,17.85,6.8,19.64
2023-01-05,17.35,18.2,16.7,18.0,10.25
2023-01-06,16.63,17.15,15.85,9.4,12.31
2023-01-07,17.22,19.55,15.55,0.0,12.78
2023-01-08,18.25,21.6,15.25,0.0,11.97
2023-01-09,19.75,23.0,17.8,0.1,12.24
2023-01-10,21.36,24.85,18.1,0.0,10.69
2023-01-11,21.5,24.65,18.6,1.4,15.27
2023-01-12,22.37,27.15,18.3,0.0,15.55
2023-01-13,23.15,27.35,19.35,0.0,18.0
2023-01-14,23.96,29.25,19.55,0.0,19.69
2023-01-15,24.8,31.3,19.9,0.0,10.8
2023-01-16,24.07,30.5,19.65,0.0,13.4
2023-01-17,24.62,30.3,20.55,0.0,13.68
2023-01-18,23.62,29.25,19.95,0.0,15.46
2023-01-19,22.56,28.7,18.7,0.0,13.05
2023-01-20,21.18,24.4,18.65,0.0,9.73
2023-01-21,22.09,27.6,18.45,0.0,12.64
2023-01-22,24.05,29.6,18.85,0.0,12.43
2023-01-23,23.3,28.3,19.35,0.0,11.38
2023-01-24,22.44,26.85,19.7,0.0,11.97
2023-01-25,22.68,29.2,17.75,0.0,17.85
2023-01-26,22.48,29.75,16.95,0.0,17.1
2023-01-27,22.25,29.6,16.4,0.0,18.97
2023-01-28,22.92,28.45,18.6,0.0,9.03
2023-01-29,23.53,28.85,19.5,0.0,12.59
2023-01-30,23.0,28.1,18.8,0.0,16.2
2023-01-31,23.86,29.2,19.15,0.0,17.79
2023-02-01,23.31,27.9,19.9,0.0,10.5
2023-02-02,23.85,29.2,19.55,0.0,13.78
2023-02-03,24.12,28.7,20.75,0.0,24.44
2023-02-04,23.68,27.65,20.95,0.0,22.16
2023-02-05,23.92,28.15,20.65,0.0,18.33
2023-02-06,23.3,28.3,19.25,0.0,14.93
2023-02-07,21.63,26.05,19.3,0.0,11.93
2023-02-08,21.61,26.25,18.1,0.0,14.17
2023-02-09,21.85,28.3,16.7,0.0,14.08
2023-02-10,22.48,27.65,18.35,0.0,11.92
2023-02-11,21.26,24.0,19.4,5.9,10.8
2023-02-12,22.09,26.45,18.95,0.1,16.8
2023-02-13,22.66,27.7,18.1,0.0,16.31
2023-02-14,23.62,29.6,17.9,0.0,15.14
2023-02-15,24.97,30.85,20.15,0.0,20.77
2023-02-16,24.26,28.95,20.9,0.0,22.66
2023-02-17,24.66,29.35,20.7,0.0,23.84
2023-02-18,22.39,26.7,19.4,8.8,13.04
2023-02-19,19.13,20.8,17.5,79.2,15.46
2023-02-20,22.46,28.2,18.1,0.0,9.5
2023-02-21,22.93,28.35,18.2,0.0,15.04
2023-02-22,21.98,27.6,18.5,0.0,12.23
2023-02-23,22.21,27.4,18.9,0.0,9.57
2023-02-24,23.24,29.1,18.35,0.0,15.58
2023-02-25,23.97,29.75,19.25,0.0,19.73
2023-02-26,24.54,30.6,18.9,0.0,15.48
2023-02-27,23.22,28.8,20.45,0.0,14.33
2023-02-28,21.99,25.45,19.5,0.0,10.37
2023-03-01,22.99,29.35,18.3,0.0,12.78
2023-03-02,23.85,30.1,18.55,0.0,11.53
2023-03-03,24.07,30.4,18.75,0.0,10.44
2023-03-04,23.62,29.2,19.2,0.0,15.04
2023-03-05,23.07,28.25,18.55,0.0,15.7
2023-03-06,22.5,27.1,19.15,0.0,12.6
2023-03-07,22.71,29.5,17.15,0.0,14.56
2023-03-08,23.23,29.65,17.65,0.0,10.93
2023-03-09,23.13,29.55,18.75,0.0,7.2
2023-03-10,22.58,28.4,19.4,0.6,8.5
2023-03-11,21.43,24.6,19.35,0.7,6.03
2023-03-12,21.47,25.15,18.85,0.1,9.66
2023-03-13,22.13,26.3,19.8,0.0,9.73
2023-03-14,21.8,25.1,19.8,0.0,10.0
2023-03-15,22.02,27.0,18.4,0.0,13.28
2023-03-16,21.89,28.2,17.1,0.0,16.3
2023-03-17,21.28,27.75,16.35,0.0,16.56
2023-03-18,21.95,28.35,17.45,0.0,13.36
2023-03-19,23.07,29.5,18.1,0.0,12.4
2023-03-20,23.25,30.15,19.2,0.0,9.83
2023-03-21,22.26,29.75,16.35,0.0,16.6
2023-03-22,22.01,29.0,16.7,0.0,15.28
2023-03-23,22.64,29.5,17.25,0.0,12.56
2023-03-24,23.77,30.75,18.55,0.0,11.75
2023-03-25,23.21,29.9,17.9,0.0,12.18
2023-03-26,24.51,31.3,18.6,0.0,17.37
2023-03-27,21.59,24.7,19.65,0.0,13.68
2023-03-28,21.48,27.5,18.1,0.0,11.59
2023-03-29,22.19,28.1,17.75,0.0,8.65
2023-03-30,23.35,29.5,17.4,0.0,10.79
2023-03-31,22.12,28.35,17.0,0.0,12.66
2023-04-01,22.06,28.65,18.1,0.0,18.33
2023-04-02,19.02,21.8,16.8,0.0,12.25
2023-04-03,19.57,25.6,14.8,0.0,11.46
2023-04-04,21.37,28.1,16.2,0.0,13.71
2023-04-05,20.58,26.3,17.15,0.0,13.24
2023-04-06,20.23,25.3,17.3,0.0,11.59
2023-04-07,19.67,21.0,18.55,4.8,5.05
2023-04-08,19.44,21.45,18.05,0.0,9.03
2023-04-09,18.93,20.55,17.8,0.0,10.5
2023-04-10,19.0,24.8,15.25,0.0,14.4
2023-04-11,19.63,25.95,14.5,0.0,9.51
2023-04-12,21.07,26.7,17.1,0.0,8.79
2023-04-13,21.83,27.5,17.3,0.0,10.01
2023-04-14,20.42,22.7,18.2,0.3,8.21
2023-04-15,19.98,22.6,18.5,0.0,11.97
2023-04-16,20.99,26.05,17.75,0.0,10.3
2023-04-17,22.22,27.9,17.6,0.0,21.92
2023-04-18,21.82,24.15,19.85,12.1,20.63
2023-04-19,20.99,24.65,17.05,12.0,17.46
2023-04-20,16.77,21.55,13.4,0.0,12.72
2023-04-21,15.82,22.45,10.5,0.0,13.0
2023-04-22,17.29,23.25,12.15,0.0,10.46
2023-04-23,18.58,24.3,14.4,0.0,11.75
2023-04-24,18.34,24.4,14.35,0.0,13.83
2023-04-25,18.87,25.9,13.2,0.0,7.93
2023-04-26,19.48,25.4,15.9,0.0,15.27
2023-04-27,19.86,24.55,17.25,0.0,13.04
2023-04-28,18.45,20.55,16.7,0.0,9.59
2023-04-29,18.54,23.5,15.5,0.0,10.38
2023-04-30,19.86,25.3,15.95,0.0,8.67
2023-05-01,20.28,26.75,16.45,0.0,12.1
2023-05-02,20.4,25.65,16.95,0.0,10.74
2023-05-03,20.69,26.45,16.1,0.0,6.79
2023-05-04,21.66,27.65,17.2,0.0,9.57
2023-05-05,21.09,27.1,16.4,0.0,11.21
2023-05-06,21.13,26.5,17.65,0.0,9.93
2023-05-07,20.92,26.2,16.6,0.0,8.71
2023-05-08,21.25,27.4,15.1,0.0,10.8
2023-05-09,19.87,25.5,14.7,0.0,12.78
2023-05-10,19.71,22.85,18.0,0.0,9.0
2023-05-11,19.01,23.55,16.05,0.0,11.5
2023-05-12,16.09,19.7,13.8,0.0,10.09
2023-05-13,15.42,20.2,12.6,0.0,9.69
2023-05-14,15.69,22.55,10.0,0.0,6.92
2023-05-15,15.77,22.55,11.15,0.0,6.88
2023-05-16,15.04,22.65,6.65,0.0,12.31
2023-05-17,15.72,20.8,13.0,0.0,13.61
2023-05-18,15.38,21.25,11.5,0.0,10.24
2023-05-19,15.16,21.7,10.8,0.0,8.77
2023-05-20,15.63,22.9,10.6,0.0,8.05
2023-05-21,16.33,23.55,9.35,0.0,5.5
2023-05-22,17.56,23.45,12.75,0.0,9.9
2023-05-23,17.56,23.7,11.55,0.0,7.09
2023-05-24,17.81,23.5,11.5,0.0,11.12
2023-05-25,18.83,24.9,14.95,0.0,6.79
2023-05-26,19.22,25.8,13.75,0.0,8.77
2023-05-27,18.47,26.0,12.65,0.0,11.38
2023-05-28,17.53,21.65,13.1,1.6,14.71
2023-05-29,16.5,18.85,14.8,0.0,12.29
2023-05-30,16.28,19.5,14.35,5.5,14.21
2023-05-31,16.27,18.1,15.4,25.7,6.37
2023-06-01,16.79,20.65,14.6,0.0,7.99
2023-06-02,16.14,21.35,12.5,0.0,10.54
2023-06-03,16.98,23.35,12.8,0.0,7.9
2023-06-04,15.9,23.95,9.15,0.0,9.69
2023-06-05,15.39,23.25,8.9,0.0,10.46
2023-06-06,15.62,21.3,11.8,0.0,7.97
2023-06-07,16.04,23.35,11.8,0.0,8.21
2023-06-08,15.78,23.35,10.95,0.0,5.12
2023-06-09,15.67,24.85,9.0,0.0,15.78
2023-06-10,16.3,25.5,9.1,0.0,15.81
2023-06-11,17.34,26.55,10.4,0.0,19.01
2023-06-12,17.68,26.65,10.35,0.0,11.79
2023-06-13,17.03,18.35,16.2,0.2,9.61
2023-06-14,16.92,18.8,16.2,12.0,4.84
2023-06-15,16.71,17.85,15.65,11.1,8.59
2023-06-16,15.46,16.65,13.05,0.0,13.51
2023-06-17,12.67,17.65,8.45,0.0,10.59
2023-06-18,13.44,18.9,9.2,0.0,7.95
2023-06-19,14.15,19.5,10.7,0.0,10.5
2023-06-20,14.87,21.5,10.6,0.0,10.88
2023-06-21,15.85,23.2,10.2,0.0,6.49
2023-06-22,15.93,24.55,9.3,0.0,9.69
2023-06-23,15.83,24.45,9.3,0.0,10.01
2023-06-24,17.46,25.6,11.75,0.0,7.9
2023-06-25,17.37,26.1,10.05,0.0,7.15
2023-06-26,17.51,26.0,10.05,0.0,7.73
2023-06-27,16.6,25.1,10.05,0.0,15.99
2023-06-28,17.08,25.4,9.35,0.0,17.73
2023-06-29,16.97,21.85,12.05,0.0,15.04
2023-06-30,17.33,22.2,14.4,0.0,10.19
2023-07-01,16.61,23.4,12.7,0.0,13.91
2023-07-02,15.73,20.9,11.5,0.0,13.71
2023-07-03,14.53,19.55,11.5,0.0,13.49
2023-07-04,13.63,20.85,7.6,0.0,10.95
2023-07-05,14.78,22.8,10.05,0.0,7.65
2023-07-06,14.79,23.1,7.85,0.0,12.48
2023-07-07,15.04,24.0,8.45,0.0,14.06
2023-07-08,17.3,25.85,8.2,0.0,22.93
2023-07-09,17.35,19.65,15.2,14.1,6.57
2023-07-10,17.51,22.35,13.95,0.2,5.86
2023-07-11,19.01,26.8,12.6,0.0,12.64
2023-07-12,20.47,27.65,15.45,0.0,18.0
2023-07-13,21.38,25.1,17.55,0.0,31.72
2023-07-14,13.68,17.3,10.25,0.0,12.85
2023-07-15,13.31,20.45,8.2,0.0,10.5
2023-07-16,15.77,24.45,9.15,0.0,12.86
2023-07-17,17.82,25.45,13.25,0.0,9.03
2023-07-18,16.06,19.05,14.6,0.0,11.04
2023-07-19,15.46,17.2,14.55,0.0,10.14
2023-07-20,16.48,20.9,13.8,0.0,15.63
2023-07-21,17.09,22.55,12.75,0.0,9.93
2023-07-22,16.78,22.35,12.5,0.0,7.9
2023-07-23,17.5,24.85,10.05,0.0,5.69
2023-07-24,19.08,25.85,12.7,0.0,7.34
2023-07-25,19.12,26.1,13.35,0.0,8.77
2023-07-26,19.17,26.7,12.85,0.0,11.98
2023-07-27,17.56,26.2,12.05,0.0,16.77
2023-07-28,19.78,26.4,14.45,0.0,15.32
2023-07-29,15.45,17.15,13.35,0.0,11.75
2023-07-30,15.44,20.05,12.9,0.0,7.95
2023-07-31,17.74,24.3,13.4,0.0,7.93
2023-08-01,17.98,24.15,14.6,0.0,9.47
2023-08-02,18.67,28.35,12.5,0.0,4.21
2023-08-03,18.42,28.55,10.05,0.0,15.94
2023-08-04,17.68,25.15,11.9,0.0,9.69
2023-08-05,18.22,27.4,11.35,0.0,12.03
2023-08-06,19.77,29.4,11.9,0.0,7.42
2023-08-07,20.77,29.85,11.85,0.0,17.39
2023-08-08,17.34,19.05,16.45,0.0,13.98
2023-08-09,19.22,26.2,16.05,0.0,15.0
2023-08-10,20.17,27.65,14.65,0.0,9.79
2023-08-11,21.69,30.6,15.1,0.0,13.53
2023-08-12,18.94,29.2,14.5,0.0,12.62
2023-08-13,15.6,17.25,14.2,0.0,12.31
2023-08-14,16.57,21.55,13.85,0.0,9.59
2023-08-15,18.9,24.3,15.65,0.0,10.95
2023-08-16,20.02,25.5,16.35,0.0,9.59
2023-08-17,21.09,27.5,15.9,0.0,6.92
2023-08-18,20.68,28.85,13.3,0.0,17.58
2023-08-19,20.54,26.4,15.9,0.0,22.77
2023-08-20,19.75,26.65,14.75,0.0,14.53
2023-08-21,20.52,26.8,15.3,0.0,15.94
2023-08-22,21.28,30.5,13.95,0.0,16.75
2023-08-23,23.39,32.0,14.4,0.0,23.28
2023-08-24,24.9,32.5,18.0,0.0,22.6
2023-08-25,18.61,26.65,14.9,0.9,18.06
2023-08-26,14.13,15.05,12.55,9.6,12.68
2023-08-27,12.1,13.4,11.4,1.1,12.77
2023-08-28,13.3,15.1,11.8,0.0,9.69
2023-08-29,15.99,21.0,12.7,0.0,13.09
2023-08-30,17.77,24.95,13.15,0.0,14.78
2023-08-31,17.45,25.65,10.7,0.0,13.53
2023-09-01,18.3,27.75,10.85,0.0,13.78
2023-09-02,21.9,30.45,14.9,0.0,13.91
2023-09-03,23.6,31.0,17.15,0.0,18.72
2023-09-04,25.23,32.6,18.35,0.0,21.89
2023-09-05,20.86,25.9,16.8,0.0,16.98
2023-09-06,16.77,18.15,15.7,0.0,13.28
2023-09-07,18.71,24.6,15.0,0.0,14.46
2023-09-08,21.39,29.45,13.8,0.0,13.68
2023-09-09,21.61,29.45,14.35,0.0,14.06
2023-09-10,19.98,25.3,16.5,0.0,11.75
2023-09-11,21.97,28.7,16.0,0.0,8.71
2023-09-12,22.79,30.75,15.95,0.0,8.29
2023-09-13,23.51,33.0,14.05,0.0,19.88
2023-09-14,19.89,24.65,13.9,5.2,18.36
2023-09-15,15.84,22.35,12.45,0.0,14.84
2023-09-16,20.12,29.0,12.75,0.0,10.46
2023-09-17,23.69,31.85,16.25,0.0,10.9
2023-09-18,25.1,33.0,17.5,0.0,9.23
2023-09-19,24.39,32.25,18.85,0.0,13.78
2023-09-20,22.16,30.9,16.15,0.0,14.84
2023-09-21,22.02,30.85,16.15,0.0,15.28
2023-09-22,24.49,33.35,16.6,0.0,14.8
2023-09-23,24.19,32.8,18.05,0.0,15.98
2023-09-24,27.16,36.1,17.05,0.0,13.72
2023-09-25,23.49,32.4,19.5,0.0,15.0
2023-09-26,26.58,36.4,19.95,0.0,9.98
2023-09-27,25.49,34.05,18.9,0.0,24.52
2023-09-28,15.97,18.4,15.0,0.0,12.5
2023-09-29,17.57,22.4,14.9,0.0,11.59
2023-09-30,20.92,28.45,16.35,0.0,10.63
2023-10-01,20.26,23.3,17.8,1.1,12.32
2023-10-02,18.92,23.9,16.4,0.0,9.73
2023-10-03,21.04,27.8,16.2,0.0,10.32
2023-10-04,23.45,29.15,18.9,0.0,18.63
2023-10-05,22.35,28.1,18.25,0.0,15.38
2023-10-06,24.49,31.9,18.2,0.0,14.77
2023-10-07,26.09,32.1,19.95,0.0,21.18
2023-10-08,22.65,28.05,18.8,0.0,7.42
2023-10-09,20.95,24.35,17.35,0.5,17.37
2023-10-10,19.59,26.2,16.65,0.0,15.35
2023-10-11,23.88,32.4,17.2,0.0,13.9
2023-10-12,23.46,30.7,18.65,0.0,17.5
2023-10-13,17.19,18.55,14.75,0.0,12.1
2023-10-14,15.94,17.05,15.0,0.0,11.44
2023-10-15,19.02,24.8,15.5,0.0,12.43
2023-10-16,23.4,31.5,17.7,0.0,8.94
2023-10-17,23.54,30.5,18.55,0.0,18.03
2023-10-18,19.68,22.35,17.85,0.0,14.92
2023-10-19,17.51,19.35,16.0,0.0,11.3
2023-10-20,17.97,22.3,16.5,0.1,12.24
2023-10-21,18.54,22.8,15.95,0.0,13.68
2023-10-22,20.66,28.5,16.2,0.0,15.41
2023-10-23,22.61,31.95,16.6,0.0,13.48
2023-10-24,25.96,33.75,18.9,0.0,20.9
2023-10-25,21.18,22.65,18.9,0.0,10.19
2023-10-26,19.99,24.3,17.55,0.0,12.07
2023-10-27,21.15,27.1,17.85,0.0,12.03
2023-10-28,23.49,28.2,18.95,0.0,20.14
2023-10-29,25.35,30.6,21.6,0.0,25.21
2023-10-30,25.06,30.0,20.25,0.0,13.9
2023-10-31,23.67,29.9,20.55,0.0,13.36
2023-11-01,20.33,23.65,17.2,0.0,16.62
2023-11-02,19.04,22.7,16.25,0.0,12.23
2023-11-03,23.61,31.05,16.95,0.0,24.49
2023-11-04,22.51,26.65,18.55,0.0,18.25
2023-11-05,17.87,24.55,12.9,0.0,14.48
2023-11-06,17.28,24.7,12.0,0.0,14.77
2023-11-07,19.23,26.75,13.95,0.0,13.78
2023-11-08,23.27,32.2,14.4,0.0,7.28
2023-11-09,26.03,33.5,18.3,0.0,12.14
2023-11-10,23.38,31.1,19.05,0.0,13.48
2023-11-11,26.15,34.05,19.65,0.0,16.04
2023-11-12,27.85,35.7,19.1,0.0,10.01
2023-11-13,29.41,37.8,21.75,0.0,14.83
2023-11-14,26.29,37.45,20.35,0.0,20.95
2023-11-15,27.41,36.95,19.35,0.0,17.29
2023-11-16,27.28,34.7,19.25,0.0,20.99
2023-11-17,28.68,36.05,21.65,0.0,15.91
2023-11-18,28.63,35.5,22.6,0.0,21.76
2023-11-19,22.69,26.25,19.5,1.8,11.18
2023-11-20,20.98,24.45,18.6,0.0,13.04
2023-11-21,23.46,29.9,19.0,0.0,11.63
2023-11-22,25.31,31.15,20.35,0.0,18.12
2023-11-23,23.89,28.95,20.4,0.0,14.0
2023-11-24,18.61,20.7,16.25,0.9,14.33
2023-11-25,16.68,18.5,15.2,1.2,11.44
2023-11-26,18.53,22.55,15.35,0.5,11.49
2023-11-27,21.33,26.6,17.95,0.0,10.5
2023-11-28,23.43,28.75,19.4,0.0,10.99
2023-11-29,23.04,27.05,20.45,1.5,18.2
2023-11-30,24.26,29.2,20.35,0.0,14.92
2023-12-01,23.62,30.25,19.4,0.0,16.08
2023-12-02,24.92,32.8,17.15,0.0,12.48
2023-12-03,25.64,32.7,18.65,0.0,13.89
2023-12-04,23.95,32.75,18.15,0.0,18.79
2023-12-05,22.91,28.75,19.3,0.0,12.24
2023-12-06,24.86,31.05,19.4,0.0,11.97
2023-12-07,26.95,33.4,20.6,0.0,16.83
2023-12-08,24.15,30.4,20.75,0.0,18.36
2023-12-09,19.91,21.8,18.35,0.0,13.09
2023-12-10,20.61,25.35,16.2,0.0,12.74
2023-12-11,21.19,25.75,18.35,0.1,14.48
2023-12-12,20.9,27.1,17.5,0.0,15.46
2023-12-13,22.26,30.85,15.5,0.0,13.22
2023-12-14,24.63,32.2,18.5,0.0,14.62
2023-12-15,25.77,33.9,19.4,0.0,14.92
2023-12-16,25.95,33.5,21.0,0.0,14.58
2023-12-17,25.07,32.05,20.75,0.0,9.89
2023-12-18,24.62,32.5,20.2,0.0,19.67
2023-12-19,22.91,31.05,16.9,0.0,18.89
2023-12-20,22.17,29.85,17.25,0.0,19.59
2023-12-21,23.14,30.95,18.75,0.0,17.45
2023-12-22,24.36,31.35,19.3,0.0,13.38
2023-12-23,24.43,30.7,20.15,0.0,10.46
2023-12-24,24.99,30.7,20.7,0.0,16.18
2023-12-25,26.51,32.75,20.05,0.0,17.97
2023-12-26,23.76,29.15,19.2,0.0,12.86
2023-12-27,20.58,26.4,16.5,0.0,15.7
2023-12-28,22.73,31.4,15.0,0.0,12.23
2023-12-29,27.15,34.95,18.2,0.0,15.79
2023-12-30,23.47,26.6,20.9,0.0,14.15
2023-12-31,21.06,24.15,18.8,0.0,14.19
2024-01-01,21.98,27.55,19.15,2.7,15.5
2024-01-02,22.38,28.7,18.4,0.0,13.36
2024-01-03,22.6,27.9,19.5,0.2,14.41
2024-01-04,22.32,26.5,20.35,0.0,17.64
2024-01-05,22.18,27.1,19.45,0.0,15.33
2024-01-06,22.1,29.0,17.55,0.0,16.49
2024-01-07,23.7,30.6,17.65,0.0,16.39
2024-01-08,25.47,32.6,19.7,0.0,10.14
2024-01-09,25.6,32.2,19.65,0.0,4.9
2024-01-10,25.52,33.05,19.2,0.0,10.04
2024-01-11,25.84,31.6,21.15,0.0,18.5
2024-01-12,24.03,28.4,21.6,0.2,17.71
2024-01-13,20.95,21.85,19.45,0.6,13.28
2024-01-14,23.65,30.75,19.0,0.0,13.32
2024-01-15,25.54,30.95,20.4,0.0,13.75
2024-01-16,27.16,33.15,21.8,0.0,13.9
2024-01-17,26.8,33.6,21.95,0.0,15.48
2024-01-18,25.72,32.55,21.1,0.0,13.05
2024-01-19,25.71,31.35,21.05,0.0,17.03
2024-01-20,24.67,28.35,22.2,0.0,17.4
2024-01-21,23.01,25.9,20.55,0.0,16.43
2024-01-22,21.56,25.6,19.15,0.0,16.64
2024-01-23,18.58,19.45,17.15,30.1,12.07
2024-01-24,19.13,22.65,15.8,0.0,12.57
2024-01-25,19.23,22.45,17.05,0.0,18.78
2024-01-26,19.22,23.2,16.25,0.0,17.87
2024-01-27,20.91,28.0,16.8,0.0,15.51
2024-01-28,21.63,27.4,17.2,0.0,9.73
2024-01-29,23.0,28.8,16.95,0.0,15.46
2024-01-30,24.47,31.35,17.9,0.0,14.69
2024-01-31,23.52,29.2,19.6,0.0,10.64
2024-02-01,21.54,27.45,17.25,0.0,15.62
2024-02-02,21.21,27.15,17.85,0.0,16.14
2024-02-03,22.55,27.55,18.7,0.0,7.42
2024-02-04,23.13,27.4,20.0,0.0,10.46
2024-02-05,23.19,30.75,17.0,0.0,18.4
2024-02-06,23.27,30.2,17.7,0.0,12.82
2024-02-07,23.51,30.45,18.05,0.0,17.38
2024-02-08,23.53,31.05,17.15,0.0,20.11
2024-02-09,24.01,31.8,18.0,0.0,18.5
2024-02-10,24.68,31.5,19.95,0.0,17.71
2024-02-11,25.06,32.25,18.95,0.0,13.61
2024-02-12,25.93,31.5,21.45,0.0,16.36
2024-02-13,26.29,32.7,21.1,0.0,19.67
2024-02-14,22.93,25.55,20.8,45.6,11.92
2024-02-15,20.63,21.5,19.3,27.9,14.51
2024-02-16,21.58,25.6,19.1,0.0,13.78
2024-02-17,21.91,27.0,18.2,0.0,12.56
2024-02-18,21.29,26.35,17.6,0.0,9.83
2024-02-19,22.05,27.6,17.45,0.0,11.97
2024-02-20,21.53,25.5,18.25,0.0,14.01
2024-02-21,22.02,26.75,19.5,0.0,15.48
2024-02-22,23.37,30.15,18.95,0.0,11.18
2024-02-23,24.51,30.95,19.85,0.0,12.07
2024-02-24,24.06,29.65,20.15,0.0,9.09
2024-02-25,23.62,28.3,20.5,0.0,13.83
2024-02-26,23.53,27.0,20.85,0.0,12.54
2024-02-27,25.76,31.65,19.95,0.0,16.92
2024-02-28,25.37,31.3,21.65,0.0,15.63
2024-02-29,25.24,31.5,21.85,0.0,12.68
2024-03-01,24.01,30.55,20.3,0.0,15.33
2024-03-02,22.85,29.05,19.05,0.0,14.58
2024-03-03,23.68,30.7,18.2,0.0,13.98
2024-03-04,24.68,31.6,19.2,0.0,14.8
2024-03-05,24.31,30.65,21.1,0.0,15.54
2024-03-06,22.68,25.8,20.8,0.0,13.36
2024-03-07,23.1,27.35,20.5,0.0,13.32
2024-03-08,23.76,29.1,20.35,0.0,10.2
2024-03-09,24.6,29.45,21.4,0.0,16.99
2024-03-10,24.07,28.0,21.8,0.0,13.32
2024-03-11,22.76,28.1,18.95,0.0,13.71
2024-03-12,21.85,29.65,17.4,0.0,14.77
2024-03-13,23.34,30.85,18.15,0.0,13.83
2024-03-14,25.02,32.1,19.55,0.0,10.59
2024-03-15,26.41,32.5,20.3,0.0,11.97
2024-03-16,27.31,33.15,22.15,0.0,13.1
2024-03-17,26.65,33.3,21.35,0.0,14.19
2024-03-18,24.89,30.3,21.45,0.0,10.81
2024-03-19,24.69,30.25,20.9,0.0,9.83
2024-03-20,25.26,30.4,20.45,0.0,11.11
2024-03-21,26.11,31.85,21.6,0.0,19.37
2024-03-22,21.14,23.65,18.2,2.5,16.18
2024-03-23,18.24,19.2,17.35,9.8,14.48
2024-03-24,19.03,21.75,16.9,2.1,9.06
2024-03-25,21.21,26.45,17.75,0.0,15.08
2024-03-26,20.19,25.05,16.55,0.0,15.12
2024-03-27,19.37,21.6,17.9,1.3,9.73
2024-03-28,19.39,20.85,18.4,9.6,6.57
2024-03-29,21.15,25.75,17.25,0.0,10.63
2024-03-30,22.15,27.45,18.65,0.0,14.42
2024-03-31,21.68,29.0,15.6,0.0,12.26
2024-04-01,21.24,27.65,16.35,0.0,7.1
2024-04-02,22.23,27.8,18.0,0.0,7.59
2024-04-03,22.93,28.8,18.55,0.0,11.59
2024-04-04,23.59,31.0,18.4,0.0,13.55
2024-04-05,23.47,30.9,18.95,0.0,16.75
2024-04-06,20.98,26.4,17.05,0.0,14.84
2024-04-07,21.91,26.75,19.05,0.0,11.48
2024-04-08,22.05,26.6,18.35,0.3,10.14
2024-04-09,22.64,27.3,19.65,0.2,10.03
2024-04-10,22.53,29.3,17.55,0.0,12.57
2024-04-11,21.59,26.6,18.2,0.0,13.53
2024-04-12,22.06,26.8,19.1,0.0,15.82
2024-04-13,22.4,27.5,17.9,0.0,9.18
2024-04-14,22.14,25.8,19.2,0.0,7.64
2024-04-15,22.63,26.8,20.1,4.4,7.73
2024-04-16,24.5,29.55,19.6,0.0,9.69
2024-04-17,23.62,28.55,19.8,0.0,16.12
2024-04-18,18.18,20.95,14.85,0.0,18.03
2024-04-19,17.22,23.1,14.0,0.0,14.34
2024-04-20,18.92,25.2,14.1,0.0,11.44
2024-04-21,20.77,27.0,16.0,0.0,7.39
2024-04-22,20.83,28.3,13.35,0.0,12.39
2024-04-23,20.78,29.3,13.2,0.0,8.83
2024-04-24,21.96,29.95,14.6,0.0,11.17
2024-04-25,21.95,27.0,19.1,0.0,13.24
2024-04-26,22.72,28.35,19.3,0.0,10.01
2024-04-27,23.3,29.85,18.9,0.0,14.77
2024-04-28,23.75,29.85,17.9,0.0,14.33
2024-04-29,24.16,30.2,19.75,0.0,8.71
2024-04-30,22.94,30.75,16.3,0.0,10.23
2024-05-01,22.37,30.6,14.75,0.0,11.92
2024-05-02,22.94,30.75,16.75,0.0,21.48
2024-05-03,22.29,29.95,15.15,0.0,11.3
2024-05-04,23.99,31.4,17.75,0.0,7.64
2024-05-05,23.46,31.0,16.35,0.0,7.34
2024-05-06,22.44,30.75,15.2,0.0,7.34
2024-05-07,22.17,30.95,14.05,0.0,6.62
2024-05-08,22.9,30.55,16.65,0.0,15.46
2024-05-09,21.96,29.9,15.45,0.0,17.78
2024-05-10,22.65,29.25,18.0,0.0,7.73
2024-05-11,22.4,29.1,15.6,0.0,17.42
2024-05-12,22.02,29.05,15.4,0.0,18.97
2024-05-13,23.14,30.0,16.6,0.0,23.28
2024-05-14,19.98,22.6,18.05,0.0,11.17
2024-05-15,17.99,19.3,16.9,0.0,10.09
2024-05-16,20.69,28.7,15.7,0.0,14.26
2024-05-17,22.48,29.95,16.35,0.0,20.93
2024-05-18,21.27,29.45,13.25,0.0,12.1
2024-05-19,21.25,28.05,18.2,0.0,11.44
2024-05-20,21.03,27.6,17.7,0.0,15.51
2024-05-21,19.89,25.05,17.0,0.0,9.42
2024-05-22,20.92,26.6,16.8,0.0,6.44
2024-05-23,19.84,27.4,13.55,0.0,17.17
2024-05-24,19.98,27.9,14.25,0.0,21.14
2024-05-25,17.57,20.05,15.3,0.0,12.52
2024-05-26,15.56,16.6,14.95,20.0,12.92
2024-05-27,17.06,20.35,15.2,5.0,8.35
2024-05-28,18.37,21.65,15.3,0.0,21.2
2024-05-29,14.32,20.0,10.3,0.0,14.58
2024-05-30,13.1,18.75,8.65,0.0,9.73
2024-05-31,14.34,20.1,10.55,0.0,13.0
2024-06-01,16.23,23.05,11.5,0.0,10.23
2024-06-02,16.63,24.4,9.2,0.0,9.66
2024-06-03,18.57,24.65,14.4,0.0,8.91
2024-06-04,16.57,18.65,14.95,0.0,14.12
2024-06-05,17.43,22.65,14.05,0.0,8.71
2024-06-06,18.0,24.35,12.75,0.0,4.58
2024-06-07,18.41,25.2,13.15,0.0,6.13
2024-06-08,18.7,25.35,13.5,0.0,5.96
2024-06-09,18.5,26.95,12.05,0.0,11.53
2024-06-10,19.34,27.15,14.15,0.0,13.9
2024-06-11,18.68,26.15,13.1,0.0,7.52
2024-06-12,19.17,27.0,12.6,0.0,7.49
2024-06-13,18.28,26.55,12.05,0.0,14.35
2024-06-14,17.93,26.85,11.55,0.0,14.62
2024-06-15,18.62,27.15,12.05,0.0,16.04
2024-06-16,18.58,27.45,11.55,0.0,6.76
2024-06-17,18.33,26.6,12.75,0.0,17.06
2024-06-18,17.65,25.95,11.3,0.0,17.87
2024-06-19,17.72,26.5,10.7,0.0,16.49
2024-06-20,17.14,26.9,8.45,0.0,6.92
2024-06-21,17.57,25.0,10.95,0.0,6.12
2024-06-22,17.92,26.9,10.2,0.0,13.09
2024-06-23,19.14,27.1,13.1,0.0,18.78
2024-06-24,19.48,28.1,12.25,0.0,17.57
2024-06-25,18.37,20.4,16.35,0.0,11.38
2024-06-26,20.67,28.25,14.85,0.0,21.82
2024-06-27,20.23,25.15,15.6,0.0,13.66
2024-06-28,18.38,24.9,12.55,0.0,18.79
2024-06-29,17.99,24.45,13.25,0.0,13.8
2024-06-30,14.19,16.25,12.25,0.0,8.89
2024-07-01,13.7,17.35,11.3,0.0,7.64
2024-07-02,16.02,24.5,11.35,0.0,5.4
2024-07-03,17.26,25.3,10.4,0.0,11.72
2024-07-04,18.83,25.3,12.75,0.0,6.37
2024-07-05,19.13,26.1,13.25,0.0,8.37
2024-07-06,16.82,22.2,12.95,0.0,14.66
2024-07-07,18.23,26.9,13.05,0.0,12.1
2024-07-08,15.72,20.15,13.05,0.3,12.24
2024-07-09,14.4,15.6,13.35,4.5,8.94
2024-07-10,17.24,21.95,13.9,1.2,17.58
2024-07-11,19.25,24.35,15.45,0.0,5.48
2024-07-12,16.93,20.85,15.1,0.0,13.9
2024-07-13,15.44,18.25,14.4,0.0,11.21
2024-07-14,18.4,25.55,14.55,0.0,13.75
2024-07-15,16.83,22.05,14.25,0.0,10.54
2024-07-16,17.3,22.35,14.45,0.0,12.6
2024-07-17,17.58,24.05,13.2,0.0,7.41
2024-07-18,16.29,24.35,9.6,0.0,13.32
2024-07-19,16.05,21.55,12.2,0.0,6.73
2024-07-20,14.48,21.75,8.75,0.0,7.77
2024-07-21,15.92,22.35,11.0,0.0,9.11
2024-07-22,16.87,26.2,8.45,0.0,11.61
2024-07-23,17.02,24.1,10.95,0.0,10.5
2024-07-24,17.05,24.45,10.15,0.0,8.89
2024-07-25,16.91,25.7,8.85,0.0,12.59
2024-07-26,16.76,25.1,7.95,0.0,5.12
2024-07-27,18.84,25.0,13.75,0.0,8.09
2024-07-28,19.99,27.9,13.2,0.0,14.2
2024-07-29,18.0,27.3,12.0,0.0,17.3
2024-07-30,14.58,15.1,14.1,2.5,12.54
2024-07-31,16.97,22.2,13.5,0.0,16.9
2024-08-01,17.73,24.65,13.0,0.0,9.69
2024-08-02,18.04,25.1,12.9,0.0,9.98
2024-08-03,18.99,27.25,11.85,0.0,9.69
2024-08-04,19.43,27.05,12.4,0.0,10.31
2024-08-05,21.32,28.5,14.75,0.0,9.83
2024-08-06,21.08,28.25,14.15,0.0,7.28
2024-08-07,20.31,27.95,13.45,0.0,13.22
2024-08-08,20.71,29.4,12.05,0.0,16.32
2024-08-09,18.26,21.05,15.65,6.6,11.11
2024-08-10,11.55,15.5,7.75,29.8,12.3
2024-08-11,11.69,20.15,6.2,0.0,11.68
2024-08-12,12.97,19.95,8.3,0.0,18.72
2024-08-13,10.19,14.35,6.35,0.0,13.32
2024-08-14,13.78,21.95,7.5,0.0,9.09
2024-08-15,18.2,28.7,9.8,0.0,6.49
2024-08-16,20.84,30.05,11.35,0.0,5.45
2024-08-17,22.36,30.5,14.95,0.0,5.09
2024-08-18,22.23,30.25,14.7,0.0,9.47
2024-08-19,22.68,31.25,15.1,0.0,5.63
2024-08-20,19.73,30.65,11.35,0.0,14.84
2024-08-21,19.84,27.3,14.2,0.0,11.62
2024-08-22,21.79,31.3,14.05,0.0,12.57
2024-08-23,21.72,32.05,12.9,0.0,19.37
2024-08-24,17.99,26.1,15.2,8.6,18.37
2024-08-25,12.83,14.9,9.15,4.8,10.7
2024-08-26,10.81,15.9,7.05,0.0,10.69
2024-08-27,10.41,19.65,3.45,0.0,15.12
2024-08-28,13.85,21.95,9.15,0.0,14.53
2024-08-29,17.56,26.7,10.6,0.0,8.91
2024-08-30,20.67,28.5,14.0,0.0,6.13
2024-08-31,20.21,28.4,14.55,0.0,12.98
2024-09-01,21.05,30.75,13.0,0.0,17.24
2024-09-02,20.03,30.95,13.45,0.0,18.51
2024-09-03,21.6,30.3,14.85,0.0,9.79
2024-09-04,22.93,30.9,17.2,0.0,14.15
2024-09-05,19.92,24.65,16.2,0.0,17.23
2024-09-06,18.62,25.5,15.85,0.0,15.86
2024-09-07,22.7,31.15,16.05,0.0,9.79
2024-09-08,25.03,33.0,18.95,0.0,10.83
2024-09-09,24.29,31.85,18.0,0.0,8.85
2024-09-10,23.33,32.45,15.4,0.0,13.28
2024-09-11,23.56,32.7,13.6,0.0,9.78
2024-09-12,23.64,32.95,14.45,0.0,10.82
2024-09-13,23.39,32.75,14.0,0.0,9.53
2024-09-14,23.62,32.65,16.25,0.0,9.03
2024-09-15,18.89,21.15,17.5,0.2,17.85
2024-09-16,17.49,19.55,15.15,7.7,13.8
2024-09-17,15.88,20.05,13.85,0.0,20.97
2024-09-18,17.72,23.5,13.9,0.0,16.31
2024-09-19,19.62,26.05,14.35,0.0,11.3
2024-09-20,23.14,32.6,16.3,0.0,14.28
2024-09-21,21.7,27.95,16.85,0.0,12.18
2024-09-22,23.45,31.65,17.25,0.0,10.97
2024-09-23,24.16,33.2,17.55,0.0,17.41
2024-09-24,24.54,34.1,18.4,0.0,14.62
2024-09-25,25.91,35.2,17.65,0.0,13.9
2024-09-26,27.58,36.35,19.05,0.0,11.17
2024-09-27,21.69,29.45,16.9,0.0,18.45
2024-09-28,17.45,21.7,15.25,0.0,18.39
2024-09-29,20.24,29.65,15.75,0.0,15.7
2024-09-30,22.43,31.1,15.65,0.0,10.23
2024-10-01,24.97,33.7,17.95,0.0,11.11
2024-10-02,25.08,35.65,16.9,0.0,15.88
2024-10-03,18.98,22.1,16.6,0.1,16.87
2024-10-04,16.11,17.5,14.5,0.0,13.25
2024-10-05,18.21,25.35,14.05,0.0,13.9
2024-10-06,18.98,27.35,14.1,0.0,14.65
2024-10-07,18.7,27.25,13.35,0.0,14.51
2024-10-08,20.83,34.55,14.1,0.0,19.59
2024-10-09,18.85,24.45,14.85,0.1,20.59
2024-10-10,20.53,25.15,17.65,2.3,9.47
2024-10-11,22.84,28.1,18.75,4.6,20.52
2024-10-12,22.12,27.75,17.65,0.0,19.39
2024-10-13,19.04,25.6,15.45,0.0,17.4
2024-10-14,19.79,25.4,16.85,0.0,14.78
2024-10-15,20.59,27.45,16.05,0.0,13.49
2024-10-16,21.67,27.95,14.9,0.0,15.02
2024-10-17,21.86,30.85,16.8,0.0,19.13
2024-10-18,20.01,27.9,15.1,0.0,18.33
2024-10-19,17.73,20.7,15.15,2.2,15.19
2024-10-20,17.45,19.4,15.15,7.4,14.42
2024-10-21,20.8,25.2,17.1,0.0,12.66
2024-10-22,24.02,30.35,18.55,0.0,9.53
2024-10-23,23.75,28.35,19.75,0.1,10.66
2024-10-24,24.4,29.7,19.85,0.0,22.91
2024-10-25,23.28,26.7,20.65,1.4,23.42
2024-10-26,23.46,31.4,18.1,0.0,18.39
2024-10-27,17.76,19.3,16.8,0.0,12.48
2024-10-28,18.74,22.25,16.4,0.0,10.3
2024-10-29,20.45,26.15,17.25,0.0,14.81
2024-10-30,20.6,26.7,16.4,0.0,16.18
2024-10-31,20.04,26.8,15.8,0.0,17.48
2024-11-01,21.29,28.15,16.6,0.0,15.41
2024-11-02,22.58,28.9,17.75,0.0,7.9
2024-11-03,20.49,21.9,19.65,11.8,9.0
2024-11-04,20.47,21.85,19.5,12.7,8.59
2024-11-05,22.23,26.25,19.3,0.6,8.5
2024-11-06,22.72,26.65,20.2,0.0,9.42
2024-11-07,21.75,23.8,20.4,4.0,15.68
2024-11-08,20.46,22.1,18.45,23.9,15.14
2024-11-09,18.71,21.35,16.45,0.0,13.85
2024-11-10,18.36,24.8,14.6,0.0,14.8
2024-11-11,21.59,30.35,13.55,0.0,19.83
2024-11-12,21.63,31.8,14.0,0.0,19.93
2024-11-13,17.26,19.0,14.5,0.2,10.95
2024-11-14,17.94,21.8,14.45,0.0,15.14
2024-11-15,20.77,26.3,17.2,0.0,11.3
2024-11-16,21.02,24.6,18.65,11.2,9.23
2024-11-17,21.79,28.45,17.7,0.0,19.26
2024-11-18,23.07,30.3,16.65,0.0,14.01
2024-11-19,22.08,28.35,17.6,0.0,18.16
2024-11-20,22.85,31.15,16.4,0.0,14.04
2024-11-21,21.14,25.6,18.15,0.0,16.33
2024-11-22,19.78,21.3,18.2,0.2,14.34
2024-11-23,19.37,23.0,16.4,0.0,18.36
2024-11-24,18.64,24.5,14.8,0.0,17.21
2024-11-25,20.69,28.25,14.4,0.0,14.26
2024-11-26,24.16,31.25,16.7,0.0,15.14
2024-11-27,25.98,32.75,19.4,0.0,15.79
2024-11-28,25.89,33.8,18.65,0.0,21.03
2024-11-29,23.64,27.0,20.3,0.0,16.38
2024-11-30,23.66,28.55,20.65,0.0,13.05
2024-12-01,23.97,31.0,19.5,0.0,12.9
2024-12-02,24.82,30.55,20.65,0.2,19.09
2024-12-03,21.83,23.6,20.35,15.3,13.1
2024-12-04,18.71,19.95,17.85,1.3,13.75
2024-12-05,21.59,27.45,17.35,2.3,8.71
2024-12-06,25.58,31.7,20.1,0.0,19.81
2024-12-07,26.54,33.8,21.2,0.0,21.13
2024-12-08,23.18,26.9,20.15,0.0,11.21
2024-12-09,23.39,28.65,20.2,0.4,11.97
2024-12-10,22.56,27.45,18.7,0.6,20.17
2024-12-11,19.64,23.9,16.9,0.0,17.17
2024-12-12,20.02,26.4,15.25,0.0,16.98
2024-12-13,21.58,28.45,16.3,0.0,14.28
2024-12-14,21.66,24.95,19.0,2.4,19.37
2024-12-15,23.05,27.9,20.05,0.6,21.92
2024-12-16,24.43,30.25,19.3,0.0,21.9
2024-12-17,21.08,29.35,16.1,0.0,16.68
2024-12-18,20.71,27.5,15.85,0.0,16.68
2024-12-19,23.21,30.25,16.75,0.0,13.49
2024-12-20,24.17,30.95,19.35,0.1,22.55
2024-12-21,22.81,27.1,20.0,0.1,11.49
2024-12-22,22.91,27.2,20.05,0.0,10.18
2024-12-23,21.7,25.1,19.85,0.0,17.28
2024-12-24,21.99,27.5,19.15,0.0,16.36
2024-12-25,24.15,30.45,19.2,0.0,11.61
2024-12-26,21.82,23.3,21.15,16.8,11.98
2024-12-27,22.11,24.7,20.45,10.0,10.95
2024-12-28,22.96,28.55,19.45,0.0,13.56
2024-12-29,22.11,27.6,18.75,0.0,15.65
2024-12-30,21.25,25.8,17.1,0.0,13.91
2024-12-31,21.81,27.85,16.85,0.0,12.24
2025-01-01,22.3,28.4,17.6,0.0,12.1
2025-01-02,23.91,30.85,17.55,0.0,17.25
2025-01-03,24.18,29.5,18.8,0.0,20.45
2025-01-04,24.32,28.95,21.0,0.0,18.84
2025-01-05,23.07,30.35,19.35,0.0,14.47
2025-01-06,22.83,30.9,18.5,0.0,18.36
2025-01-07,21.79,27.35,18.95,0.0,13.71
2025-01-08,21.46,25.65,18.2,0.0,18.25
2025-01-09,20.76,25.3,17.8,0.0,17.99
2025-01-10,20.33,26.2,17.0,0.0,17.99
2025-01-11,20.46,27.05,15.5,0.0,16.6
2025-01-12,19.78,23.2,17.1,0.0,16.78
2025-01-13,19.68,25.8,15.7,0.0,19.81
2025-01-14,19.19,25.65,14.4,0.0,18.97
2025-01-15,21.47,26.45,18.05,0.0,14.57
2025-01-16,23.0,26.7,19.75,0.9,10.5
2025-01-17,24.57,29.45,20.95,5.3,16.65
2025-01-18,26.01,31.85,20.6,0.0,18.89
2025-01-19,26.02,32.5,20.0,0.0,13.61
2025-01-20,26.36,32.1,20.9,0.0,20.15
2025-01-21,26.99,33.05,21.35,0.0,19.67
2025-01-22,25.48,31.8,19.85,0.0,14.34
2025-01-23,23.98,29.65,20.15,0.0,12.18
2025-01-24,24.21,30.7,18.95,0.0,13.58
2025-01-25,25.22,31.2,19.85,0.0,16.7
2025-01-26,23.88,29.35,21.1,0.1,13.28
2025-01-27,22.46,27.5,20.05,0.2,12.52
2025-01-28,22.72,27.5,19.1,0.0,8.44
2025-01-29,22.94,26.75,20.9,0.1,6.49
2025-01-30,22.58,25.25,20.05,0.0,15.27
2025-01-31,22.59,24.85,20.95,4.8,13.71
2025-02-01,22.23,24.9,20.85,6.3,8.94
2025-02-02,23.04,26.25,20.6,0.4,15.26
2025-02-03,22.31,26.15,19.9,0.9,15.02
2025-02-04,23.52,28.7,19.3,0.0,19.2
2025-02-05,23.72,28.55,19.75,0.0,11.3
2025-02-06,24.82,31.15,18.8,0.0,13.04
2025-02-07,24.09,30.05,18.55,0.0,12.73
2025-02-08,23.76,29.25,20.35,0.0,17.87
2025-02-09,23.74,30.65,18.4,0.0,16.78
2025-02-10,23.65,29.85,18.75,0.0,9.83
2025-02-11,24.93,30.7,19.15,0.0,9.36
2025-02-12,25.08,31.35,17.7,0.0,11.18
2025-02-13,24.42,28.55,21.25,0.0,12.41
2025-02-14,23.23,29.0,20.0,0.0,8.4
2025-02-15,24.19,29.65,19.8,0.0,8.4
2025-02-16,26.24,32.15,20.2,0.0,12.89
2025-02-17,26.87,32.8,19.9,0.0,14.51
2025-02-18,25.16,32.6,20.1,0.0,16.1
2025-02-19,24.88,31.5,20.95,0.0,8.79
2025-02-20,25.27,31.65,21.2,0.0,10.18
2025-02-21,24.35,28.0,21.8,0.0,11.79
2025-02-22,23.94,29.05,21.15,0.0,14.19
2025-02-23,23.88,29.25,20.05,0.0,12.9
2025-02-24,24.58,30.25,19.6,0.0,12.6
2025-02-25,25.12,31.6,19.5,0.0,16.7
2025-02-26,25.37,32.1,19.55,0.0,19.08
2025-02-27,25.07,32.75,18.9,0.0,18.68
2025-02-28,24.24,30.7,19.05,0.0,16.49
2025-03-01,24.68,31.6,19.35,0.0,15.02
2025-03-02,25.01,32.3,19.4,0.0,18.95
2025-03-03,24.33,31.5,19.0,0.0,20.19
2025-03-04,24.2,30.75,19.2,0.0,15.04
2025-03-05,23.78,30.15,19.5,0.0,16.79
2025-03-06,22.87,29.6,18.15,0.0,19.41
2025-03-07,23.27,30.3,18.65,0.0,18.72
2025-03-08,23.44,29.8,18.45,0.0,14.66
2025-03-09,24.79,32.35,18.95,0.0,18.0
2025-03-10,22.96,28.45,18.9,0.0,17.06
2025-03-11,22.97,29.85,18.8,0.0,11.75
2025-03-12,23.91,31.45,19.6,0.0,15.19
2025-03-13,24.15,29.85,19.85,0.0,16.33
2025-03-14,23.2,28.7,20.2,0.0,12.65
2025-03-15,22.56,28.15,19.7,0.0,15.38
2025-03-16,21.47,24.85,19.5,0.0,14.51
2025-03-17,21.81,26.35,19.0,0.0,12.1
2025-03-18,22.59,29.25,17.9,0.0,12.37
2025-03-19,20.71,23.25,18.65,0.0,15.48
2025-03-20,20.22,25.7,17.0,0.0,15.99
2025-03-21,20.48,26.95,16.5,0.0,17.57
2025-03-22,22.41,29.4,16.85,0.0,13.1
2025-03-23,22.27,27.85,18.05,0.0,7.7
2025-03-24,22.42,28.2,18.5,0.0,10.31
2025-03-25,22.77,29.2,18.2,0.0,13.45
2025-03-26,21.7,27.3,18.2,0.0,13.48
2025-03-27,21.98,28.2,17.7,0.0,17.38
2025-03-28,23.09,29.25,18.45,0.0,12.1
2025-03-29,22.8,28.65,18.65,0.0,12.24
2025-03-30,22.56,28.7,18.2,0.0,14.34
2025-03-31,22.71,28.4,18.5,0.0,10.01
2025-04-01,22.84,28.4,18.6,0.0,11.38
2025-04-02,24.2,30.1,19.5,0.0,11.99
2025-04-03,23.85,28.6,20.65,0.2,13.68
2025-04-04,22.08,26.1,19.55,0.0,16.75
2025-04-05,17.89,19.25,16.3,0.1,16.28
2025-04-06,17.59,20.0,16.1,0.0,17.58
2025-04-07,18.59,22.65,16.55,0.0,15.91
2025-04-08,20.19,26.45,15.05,0.0,9.18
2025-04-09,22.19,28.4,16.55,0.0,15.14
2025-04-10,20.94,26.0,18.15,0.0,14.0
2025-04-11,20.39,25.45,17.6,0.0,13.57
2025-04-12,20.36,25.8,15.95,0.0,12.23
2025-04-13,21.54,26.7,16.95,0.1,13.18
2025-04-14,20.68,24.95,18.25,0.0,18.78
2025-04-15,20.23,25.65,16.5,0.0,13.78
2025-04-16,20.41,25.25,17.85,0.9,7.57
2025-04-17,20.65,25.5,16.35,0.0,11.02
2025-04-18,21.35,26.15,17.75,0.0,7.2
2025-04-19,21.59,26.1,18.4,0.0,13.98
2025-04-20,19.98,22.7,18.1,0.0,15.11
2025-04-21,18.76,22.9,16.2,0.0,14.84
2025-04-22,17.65,22.7,14.85,0.0,12.31
2025-04-23,19.03,24.95,14.85,0.0,9.42
2025-04-24,20.16,25.3,16.45,4.8,11.21
2025-04-25,19.48,21.65,18.5,5.2,8.65
2025-04-26,20.48,25.45,17.15,0.0,9.42
2025-04-27,21.14,27.15,16.5,0.0,10.81
2025-04-28,20.41,24.5,17.25,0.0,14.56
2025-04-29,18.78,22.8,15.7,0.0,11.48
2025-04-30,17.32,22.5,14.3,0.0,13.4
2025-05-01,17.54,23.1,13.95,0.0,12.23
2025-05-02,17.87,23.8,12.9,0.0,10.7
2025-05-03,18.17,25.25,13.5,0.0,15.04
2025-05-04,18.46,23.75,14.55,0.0,10.44
2025-05-05,18.49,23.7,14.0,0.0,9.2
2025-05-06,18.77,24.25,14.95,0.0,7.59
2025-05-07,19.63,25.75,14.6,0.0,6.62
2025-05-08,20.62,27.6,15.4,0.0,8.53
2025-05-09,21.58,27.95,16.0,0.0,16.64
2025-05-10,20.36,24.7,16.85,0.1,12.92
2025-05-11,16.94,17.85,15.7,0.0,14.83
2025-05-12,17.62,21.2,15.1,0.0,14.06
2025-05-13,18.1,22.7,15.15,0.0,12.89
2025-05-14,16.9,22.2,12.5,0.0,12.96
2025-05-15,16.59,21.85,12.05,0.0,11.53
2025-05-16,17.96,23.95,13.45,0.0,5.09
2025-05-17,18.59,24.45,14.35,0.0,5.8
2025-05-18,19.7,26.05,14.05,0.0,7.09
2025-05-19,19.4,25.95,12.35,0.0,5.15
2025-05-20,19.28,26.2,13.15,0.0,9.59
2025-05-21,18.91,25.4,12.9,0.0,9.34
2025-05-22,19.56,24.7,16.8,0.0,7.59
2025-05-23,18.04,19.85,16.2,0.0,9.47
2025-05-24,17.73,22.75,14.95,0.0,10.59
2025-05-25,18.51,24.8,13.7,0.0,8.59
2025-05-26,19.1,25.2,13.0,0.0,6.19
2025-05-27,18.56,24.6,12.5,0.0,17.06
2025-05-28,20.16,24.05,16.4,0.0,19.01
2025-05-29,16.09,19.7,11.9,0.2,19.17
2025-05-30,12.58,19.45,6.85,0.0,8.65
2025-05-31,16.0,23.7,10.2,0.0,13.1
2025-06-01,16.32,22.7,12.0,0.0,12.18
2025-06-02,18.15,23.4,14.15,0.0,10.83
2025-06-03,17.73,22.0,15.5,2.3,10.44
2025-06-04,20.27,26.75,15.0,0.0,15.82
2025-06-05,19.94,26.65,15.35,0.2,16.14
2025-06-06,18.91,21.2,17.1,0.1,7.57
2025-06-07,18.77,22.9,15.8,0.1,5.63
2025-06-08,18.79,22.1,15.8,0.3,12.48
2025-06-09,16.86,18.15,15.75,3.8,6.19
2025-06-10,15.79,19.15,13.45,0.0,10.95
2025-06-11,13.78,16.85,11.1,0.0,14.84
2025-06-12,12.55,16.2,10.75,0.0,13.78
2025-06-13,13.52,18.65,9.55,0.0,14.93
2025-06-14,14.13,20.05,9.8,0.0,10.01
2025-06-15,15.27,21.45,10.6,0.0,13.68
2025-06-16,16.9,23.85,10.7,0.0,7.99
2025-06-17,17.67,25.1,11.8,0.0,7.49
2025-06-18,16.57,24.45,9.55,0.0,13.1
2025-06-19,17.91,25.4,10.8,0.0,7.93
2025-06-20,19.04,25.45,12.7,0.0,15.02
2025-06-21,19.36,24.4,15.6,0.0,15.6
2025-06-22,18.53,24.05,14.65,0.0,10.7
2025-06-23,19.46,26.3,16.65,0.4,23.34
2025-06-24,14.94,18.05,9.05,0.3,16.66
2025-06-25,11.44,18.65,5.6,0.0,12.43
2025-06-26,17.36,26.45,9.85,0.0,16.92
2025-06-27,18.74,21.6,16.6,0.0,9.66
2025-06-28,20.0,25.55,16.55,0.0,10.46
2025-06-29,21.62,26.75,18.25,0.0,21.38
2025-06-30,18.0,22.05,16.1,0.0,11.61
2025-07-01,14.83,16.25,12.9,0.0,11.44
2025-07-02,12.31,13.25,11.45,0.0,10.09
2025-07-03,12.51,13.65,11.3,1.6,8.29
2025-07-04,14.35,18.55,11.95,0.0,12.43
2025-07-05,15.16,21.8,9.85,0.0,9.61
2025-07-06,14.34,19.55,10.8,0.0,10.7
2025-07-07,14.64,20.2,11.55,0.0,9.73
2025-07-08,15.47,22.35,9.95,0.0,13.2
2025-07-09,14.2,19.3,10.4,0.0,12.31
2025-07-10,15.44,20.5,11.9,0.0,11.44
2025-07-11,16.98,22.7,12.75,0.0,8.44
2025-07-12,17.44,22.05,13.8,0.0,11.87
2025-07-13,17.5,22.05,14.8,0.0,12.25
2025-07-14,16.24,21.85,11.6,0.0,9.51
2025-07-15,15.44,22.75,8.95,0.0,7.39
2025-07-16,16.14,23.05,10.4,0.0,7.9
2025-07-17,16.49,24.7,8.7,0.0,16.7
2025-07-18,16.86,24.75,10.75,0.0,17.65
2025-07-19,13.76,20.8,7.75,0.0,9.96
2025-07-20,14.47,20.35,10.0,0.0,8.71
2025-07-21,16.93,24.85,12.05,0.0,8.16
2025-07-22,18.53,25.7,13.45,0.0,14.8
2025-07-23,16.05,22.0,10.75,0.0,13.44
2025-07-24,15.59,20.6,11.5,0.0,12.37
2025-07-25,16.44,21.25,13.3,0.0,8.16
2025-07-26,17.05,23.45,12.05,0.0,6.95
2025-07-27,19.07,27.35,12.75,0.0,14.84
2025-07-28,20.36,24.55,17.65,0.0,29.3
2025-07-29,15.26,19.5,10.4,0.0,13.45
2025-07-30,11.6,17.2,7.65,0.0,9.67
2025-07-31,12.4,19.5,6.7,0.0,15.16
2025-08-01,15.01,22.65,9.05,0.0,8.71
2025-08-02,17.53,25.9,10.85,0.0,6.62
2025-08-03,17.39,25.7,10.2,0.0,13.83
2025-08-04,15.99,22.8,10.8,0.0,5.82
2025-08-05,15.49,18.45,13.3,0.1,8.7
2025-08-06,15.62,19.0,13.4,0.2,12.24
2025-08-07,17.53,25.35,12.0,0.0,9.9
2025-08-08,18.62,25.75,13.85,0.7,18.58
2025-08-09,15.41,19.25,11.05,0.0,18.51
2025-08-10,11.48,14.9,8.55,0.0,10.5
2025-08-11,12.6,17.6,9.25,0.0,12.9
2025-08-12,13.18,19.7,9.0,0.0,10.8
2025-08-13,16.2,25.45,8.5,0.0,10.32
2025-08-14,14.73,19.25,11.1,0.0,14.33
2025-08-15,14.72,20.9,11.0,0.0,13.25
2025-08-16,16.81,22.9,12.95,0.0,12.48
2025-08-17,18.21,24.7,14.2,0.0,11.02
2025-08-18,16.49,22.7,12.35,0.0,12.22
2025-08-19,18.36,23.6,13.85,0.0,12.73
2025-08-20,21.76,29.35,15.7,0.0,12.9
2025-08-21,22.04,30.35,15.35,0.0,10.39
2025-08-22,23.19,32.05,16.0,0.0,8.71
2025-08-23,24.15,31.7,18.2,0.0,16.68
2025-08-24,18.43,22.3,16.25,0.0,14.0
2025-08-25,18.85,28.35,15.1,0.0,14.34
2025-08-26,16.92,23.2,14.45,0.0,16.04
2025-08-27,18.45,24.2,15.7,0.0,12.23
2025-08-28,18.6,24.1,16.25,0.0,14.34
2025-08-29,17.72,21.35,15.8,0.0,8.4
2025-08-30,18.22,23.45,15.35,0.0,13.55
2025-08-31,18.3,24.2,14.0,0.0,12.39
2025-09-01,19.48,25.05,15.4,0.0,15.84
2025-09-02,20.54,26.0,16.9,0.0,10.63
2025-09-03,20.88,27.35,15.3,0.0,8.37
2025-09-04,21.23,28.65,14.05,0.0,9.59
2025-09-05,19.51,29.15,14.15,0.0,16.39
2025-09-06,16.55,17.6,15.55,0.0,12.72
2025-09-07,17.82,22.9,15.25,0.0,13.0
2025-09-08,22.03,28.2,16.65,0.0,10.59
2025-09-09,23.96,29.35,20.1,0.0,24.02
2025-09-10,19.72,27.4,15.15,0.0,14.19
2025-09-11,19.62,29.7,10.45,0.0,10.74
2025-09-12,17.12,22.4,13.3,0.0,14.53
2025-09-13,16.67,22.85,13.45,0.0,15.79
2025-09-14,17.73,25.45,13.55,0.0,15.41
2025-09-15,19.51,28.45,14.4,0.0,15.99
2025-09-16,20.69,28.3,16.2,0.0,14.92
2025-09-17,18.9,24.1,15.9,0.0,17.08
2025-09-18,18.61,24.75,15.15,0.0,14.02
2025-09-19,21.99,30.7,15.75,0.0,10.2
2025-09-20,24.61,31.5,18.85,0.0,16.58
2025-09-21,26.46,33.4,20.75,0.0,22.83
2025-09-22,22.54,27.75,19.45,0.1,26.46
2025-09-23,17.17,20.55,14.4,0.0,12.22
2025-09-24,16.21,19.35,14.25,0.0,15.31
2025-09-25,14.98,16.8,13.9,0.0,17.5
2025-09-26,15.12,19.55,12.35,0.0,16.52
2025-09-27,16.37,23.75,11.5,0.0,13.8
2025-09-28,19.49,29.1,12.3,0.0,11.87
2025-09-29,22.37,31.15,17.05,0.0,15.35
2025-09-30,23.83,32.55,15.25,0.0,12.1
2025-10-01,21.58,29.65,15.85,0.0,14.83
2025-10-02,20.01,25.7,17.45,0.0,13.09
2025-10-03,21.2,28.05,17.65,0.0,11.44
2025-10-04,21.02,25.5,17.65,0.1,8.59
2025-10-05,24.73,31.95,17.3,0.0,7.64
2025-10-06,27.06,33.85,18.75,0.0,12.24
2025-10-07,19.28,24.85,15.9,0.3,17.73
2025-10-08,15.64,16.65,14.7,0.5,18.17
2025-10-09,16.16,18.8,14.6,0.0,14.76
2025-10-10,17.91,21.55,15.45,0.0,9.42
2025-10-11,19.98,25.55,16.05,0.0,10.18
2025-10-12,22.77,29.75,16.55,0.4,13.32
2025-10-13,22.42,27.9,20.0,2.0,22.66
2025-10-14,20.89,24.95,16.6,0.0,15.18
2025-10-15,19.53,26.6,15.65,0.0,13.25
2025-10-16,22.04,30.85,17.25,0.0,14.49
2025-10-17,24.42,33.2,17.05,0.0,9.16
2025-10-18,22.08,27.8,17.75,4.7,16.87
2025-10-19,15.09,17.5,12.5,0.0,23.75
2025-10-20,14.29,18.55,11.55,0.0,19.62
2025-10-21,15.11,21.7,10.35,0.0,15.98
2025-10-22,16.2,22.9,11.2,0.0,15.68
2025-10-23,17.23,24.1,11.9,0.0,14.78
2025-10-24,19.13,25.8,13.25,0.0,10.39
2025-10-25,22.23,29.65,14.6,0.0,9.93
2025-10-26,23.46,31.1,15.0,0.0,9.69
2025-10-27,20.8,25.05,18.4,0.6,6.76
2025-10-28,20.47,24.25,18.5,7.2,5.51
2025-10-29,21.54,26.55,18.35,0.0,17.08
2025-10-30,17.2,18.3,15.05,0.1,9.67
2025-10-31,18.07,22.6,14.85,0.0,9.96
2025-11-01,21.68,29.4,16.6,0.0,9.96
2025-11-02,20.42,22.8,19.0,5.1,18.71
2025-11-03,22.11,26.5,18.85,0.0,15.62
2025-11-04,22.47,28.45,18.75,0.0,13.05
2025-11-05,24.05,30.1,19.0,0.0,17.73
2025-11-06,18.75,22.55,15.6,0.0,14.76
2025-11-07,20.59,27.3,14.6,0.0,10.85
2025-11-08,21.89,25.7,17.1,2.4,21.71
2025-11-09,17.45,22.05,14.05,0.0,14.0
2025-11-10,16.86,23.4,12.85,0.0,13.83
2025-11-11,18.38,26.15,13.05,0.0,13.55
2025-11-12,21.61,30.3,14.0,0.0,13.22
2025-11-13,22.83,29.95,18.9,0.0,9.2
2025-11-14,20.57,24.2,18.35,0.0,12.59
2025-11-15,20.79,25.4,17.35,0.0,10.95
2025-11-16,21.92,25.4,19.2,3.8,16.61
2025-11-17,23.44,27.0,21.05,0.1,15.82
2025-11-18,22.32,25.8,19.6,0.0,18.08
2025-11-19,19.99,25.55,15.8,0.0,12.48
2025-11-20,18.49,24.0,14.65,0.0,14.34
2025-11-21,22.15,30.75,14.15,0.0,10.93
2025-11-22,23.2,31.1,18.25,0.0,15.73
2025-11-23,20.5,24.45,17.95,0.0,13.89
2025-11-24,19.68,23.85,17.3,0.0,10.81
2025-11-25,19.15,23.4,16.5,0.0,14.87
2025-11-26,19.13,25.15,15.3,0.0,16.98
2025-11-27,18.42,25.45,12.35,0.0,14.02
2025-11-28,22.21,30.25,16.8,0.0,14.62
2025-11-29,23.42,30.95,16.3,0.0,14.69
2025-11-30,24.69,33.4,18.5,0.0,16.12
2025-12-01,23.61,32.8,18.85,0.0,13.91
2025-12-02,24.28,29.65,20.2,0.0,16.75
2025-12-03,23.32,28.3,19.9,0.0,14.69
2025-12-04,21.09,26.55,17.8,0.0,16.74
2025-12-05,21.41,28.8,16.7,0.0,14.84
2025-12-06,23.31,31.0,17.9,0.0,14.69
2025-12-07,24.63,32.25,19.9,0.0,13.49
2025-12-08,24.08,29.85,20.45,0.0,11.44
2025-12-09,21.65,22.65,21.0,14.4,23.83
2025-12-10,24.02,28.25,21.15,0.0,30.17
2025-12-11,24.9,29.7,20.6,0.0,23.81
2025-12-12,24.41,32.15,17.25,0.0,14.99
2025-12-13,22.42,24.65,21.2,2.6,17.07
2025-12-14,23.12,26.7,20.55,0.6,15.55
2025-12-15,25.22,30.0,21.2,0.0,14.08
2025-12-16,25.39,31.1,21.65,24.0,14.69
2025-12-17,18.11,20.95,15.8,0.0,17.58
2025-12-18,19.52,24.6,15.65,0.0,12.77
2025-12-19,21.07,25.4,18.7,0.0,12.5
2025-12-20,22.42,28.35,18.7,0.0,15.35
2025-12-21,24.31,30.75,18.35,0.0,11.72
2025-12-22,25.98,31.7,20.65,0.0,13.1
2025-12-23,27.27,31.85,22.1,0.0,13.85
2025-12-24,27.79,33.15,22.25,0.0,13.76
2025-12-25,28.28,34.25,22.4,0.0,12.1
2025-12-26,28.26,34.45,23.1,0.0,13.71
2025-12-27,28.13,35.2,23.2,0.0,6.57
2025-12-28,28.21,35.1,22.9,0.0,10.82
2025-12-29,26.75,33.25,22.75,0.0,10.93
2025-12-30,26.47,33.05,22.3,0.0,10.14
2025-12-31,26.81,32.6,22.05,0.0,15.14
2026-01-01,26.92,31.35,23.1,0.0,18.22
2026-01-02,24.74,28.3,22.45,0.0,17.71
2026-01-03,25.31,31.05,21.35,0.0,13.7
2026-01-04,21.64,24.65,18.4,0.0,15.63
2026-01-05,19.65,23.3,17.7,0.0,18.39
2026-01-06,21.45,27.3,17.0,0.0,14.46
2026-01-07,23.32,29.0,18.8,0.0,9.83
2026-01-08,24.5,30.5,19.7,0.0,11.44
2026-01-09,25.29,31.45,21.15,0.0,10.38
2026-01-10,26.96,33.05,20.45,0.0,11.18
2026-01-11,27.55,33.1,20.45,0.0,13.38
2026-01-12,27.16,33.6,20.8,0.0,13.76
2026-01-13,25.11,30.45,20.85,0.0,11.2
2026-01-14,23.88,29.8,18.4,0.0,10.38
2026-01-15,23.69,28.25,19.6,0.1,10.23
2026-01-16,23.98,28.35,19.8,0.0,10.51
2026-01-17,23.59,29.4,18.8,0.0,12.77
2026-01-18,23.56,27.45,20.3,0.0,13.78
2026-01-19,21.26,24.05,18.75,1.4,23.84
2026-01-20,19.12,22.5,16.4,0.0,17.65
2026-01-21,17.79,19.75,16.05,0.0,14.34
2026-01-22,18.71,22.75,16.1,0.0,14.19
2026-01-23,19.69,22.95,16.7,0.0,12.86
2026-01-24,20.72,25.05,17.65,0.0,11.72
2026-01-25,21.82,26.2,18.65,0.0,12.3
2026-01-26,22.92,28.65,19.1,0.0,12.59
2026-01-27,23.23,29.45,18.45,0.0,12.72
2026-01-28,23.6,28.7,19.4,0.0,10.01
2026-01-29,24.05,29.1,19.7,0.0,12.31
2026-01-30,22.16,25.45,20.25,6.1,13.78
2026-01-31,23.47,28.4,19.15,0.0,15.32
2026-02-01,24.02,27.75,21.45,0.0,18.34
2026-02-02,23.44,26.55,21.05,0.2,10.46
2026-02-03,23.38,27.45,21.55,1.3,13.48
2026-02-04,23.79,27.35,21.3,5.0,14.08
2026-02-05,22.92,26.75,20.8,0.0,11.01
2026-02-06,23.37,30.25,19.05,0.0,13.1
2026-02-07,23.41,27.7,20.45,0.0,11.46
2026-02-08,22.58,27.65,20.3,0.3,12.59
2026-02-09,21.25,24.0,19.6,1.5,10.74
2026-02-10,21.92,24.45,19.9,0.6,13.36
2026-02-11,23.3,26.1,20.6,0.1,18.97
2026-02-12,25.2,30.15,21.15,0.0,14.33
2026-02-13,26.11,32.25,20.4,0.0,10.66
2026-02-14,24.57,29.7,21.5,0.0,12.39
2026-02-15,25.06,31.95,21.0,0.0,16.08
2026-02-16,25.7,33.05,18.95,0.0,11.98
2026-02-17,26.1,31.9,19.95,0.0,9.42
2026-02-18,24.74,29.1,21.05,0.0,10.9
2026-02-19,23.91,30.45,20.5,0.0,13.9
2026-02-20,24.61,31.55,19.3,0.0,15.99
2026-02-21,23.59,28.2,21.05,0.0,15.48
2026-02-22,22.56,26.7,20.3,0.0,14.26
2026-02-23,22.63,26.5,20.65,0.0,13.1
2026-02-24,23.04,26.9,20.4,0.0,9.69
2026-02-25,24.06,29.35,21.1,0.0,10.14
2026-02-26,22.44,24.8,21.25,0.0,13.85
2026-02-27,20.78,23.25,18.35,0.0,14.59
2026-02-28,20.08,25.0,16.3,0.0,14.92
2026-03-01,19.77,24.45,17.15,0.0,16.26
2026-03-02,19.8,25.9,15.8,0.0,13.85
2026-03-03,20.42,27.05,15.5,0.0,13.78
2026-03-04,21.3,27.25,17.3,0.0,13.1
2026-03-05,22.3,29.25,17.5,0.0,15.84
2026-03-06,23.16,28.1,20.0,0.0,9.42
2026-03-07,23.87,27.7,21.05,0.0,14.0
2026-03-08,22.94,28.7,19.85,0.0,12.1
2026-03-09,21.46,24.65,19.65,1.7,12.31
2026-03-10,20.01,20.95,19.25,11.9,8.21
2026-03-11,19.78,20.8,19.1,22.5,7.59
2026-03-12,20.85,22.6,19.7,17.0,6.41
2026-03-13,22.14,24.5,20.05,0.0,10.7
2026-03-14,22.44,24.9,20.5,0.0,9.36
2026-03-15,22.6,27.25,19.35,0.0,14.97
2026-03-16,21.67,25.8,17.05,0.0,14.69
2026-03-17,20.63,29.65,14.65,0.0,9.69
2026-03-18,20.92,30.9,14.35,0.0,9.73
2026-03-19,21.71,29.1,16.35,0.0,17.56
2026-03-20,21.53,26.95,17.55,0.0,13.85
2026-03-21,21.38,28.85,16.6,0.0,10.7
2026-03-22,21.71,29.1,17.5,0.0,7.86
2026-03-23,22.02,28.85,17.65,0.0,8.09
